Title;ASCENSION;Diffusion-TS;FAA;ImagenTime;KoVAE;LA;TTSGAN;Time-DDPM;VaDE
D39;0.009009;-0.001802;-0.074775;-0.009910;0.001802;-0.015315;-0.236937;-0.044144;0.006306
D22;-0.005724;-0.019297;-0.009397;0.000219;0.014693;-0.006107;-0.470823;0.102265;0.004465
D55;0.009167;-0.006697;-0.013979;0.005946;0.029584;0.003057;-0.465095;0.111428;-0.003554
D68;0.038950;0.008194;-0.018561;0.017401;0.039894;0.001911;-0.452495;0.057591;0.004465
D25;0.240283;-0.013806;-0.052561;0.044734;-0.000773;-0.026756;-0.427162;-0.098409;0.035131
D98;0.283493;-0.137263;-0.095771;0.044734;-0.025464;-0.039101;-0.451853;-0.141619;-0.075980
D89;0.286826;-0.133929;-0.095771;0.048068;-0.022131;-0.042435;-0.448520;-0.204952;-0.072646
D72;0.275271;-0.165040;-0.095771;0.047179;-0.018576;-0.042435;-0.447631;-0.280508;-0.047758
D6;0.291937;-0.231707;-0.162438;0.047179;-0.068576;-0.042435;-0.480964;-0.313841;-0.114424
D100;0.317911;-0.270668;-0.184083;0.034192;-0.064247;-0.072738;-0.519925;-0.530291;-0.131740
D83;0.316109;-0.272470;-0.203902;0.034192;-0.071454;-0.085350;-0.522628;-0.596958;-0.138947
D63;0.349443;-0.305803;-0.326125;0.000859;-0.138120;-0.085350;-0.567072;-0.619180;-0.116725
D101;0.371088;-0.336106;-0.347770;-0.025115;-0.146778;-0.098337;-0.593046;-0.753379;-0.116725
D5;0.393310;-0.324995;-0.347770;-0.058449;-0.102334;-0.098337;-0.604158;-0.853379;-0.094503
D77;0.413866;-0.441662;-0.402770;-0.127893;-0.101223;-0.140004;-0.679713;-0.798935;-0.111725
D67;0.425248;-0.433532;-0.427160;-0.113259;-0.097971;-0.135126;-0.663453;-1.031455;-0.110099
D50;0.438946;-0.515723;-0.454557;-0.145223;-0.111669;-0.153391;-0.718248;-1.017756;-0.132930
D65;0.438946;-0.515723;-0.454557;-0.145223;-0.111669;-0.153391;-0.718248;-1.024106;-0.132930
D56;0.436782;-0.530875;-0.474038;-0.179855;-0.144137;-0.172871;-0.726906;-0.935361;-0.139424
D52;0.442337;-0.558653;-0.668482;-0.185410;-0.127470;-0.183982;-0.749128;-1.002028;-0.139424
D69;0.442337;-0.548897;-0.692872;-0.178906;-0.119340;-0.183982;-0.744250;-1.172759;-0.131294
D47;0.444281;-0.547277;-0.695140;-0.183441;-0.118368;-0.187870;-0.751700;-1.228153;-0.130970
D75;0.445763;-0.578388;-0.667733;-0.199738;-0.146517;-0.204166;-0.964293;-1.001486;-0.136155
D64;0.457418;-0.583439;-0.673560;-0.197407;-0.144186;-0.206497;-0.963904;-0.977011;-0.133047
D1;0.477418;-0.613439;-0.703560;-0.200740;-0.190852;-0.213164;-0.950571;-1.090344;-0.186380
D59;0.493658;-0.616101;-0.717405;-0.217779;-0.196177;-0.224079;-0.998494;-1.226127;-0.226583
D16;0.496074;-0.602816;-0.723443;-0.218987;-0.186515;-0.232534;-1.002118;-1.281682;-0.225375
D84;0.503007;-0.604416;-0.725043;-0.219520;-0.191849;-0.259200;-0.994118;-1.343016;-0.228042
D88;0.531212;-0.601852;-0.737864;-0.237469;-0.202105;-0.261764;-0.991553;-1.317375;-0.220349
D92;0.471027;-0.678241;-0.673049;-0.251358;-0.285438;-0.294172;-1.063313;-1.278023;-0.275905
D61;0.475268;-0.711320;-0.815373;-0.263911;-0.278483;-0.335054;-1.053474;-1.422552;-0.349018
D73;0.488601;-0.727431;-0.777040;-0.266133;-0.266261;-0.329498;-1.132363;-1.387552;-0.346795
D26;0.519370;-0.703565;-0.749821;-0.235167;-0.183815;-0.308788;-1.105933;-1.466250;-0.297288
D13;0.500704;-0.763565;-0.764487;-0.287167;-0.205149;-0.328788;-1.145933;-1.520917;-0.351955
D62;0.510346;-0.817284;-0.786526;-0.310583;-0.195507;-0.370110;-1.158329;-1.540201;-0.373994
D60;0.563611;-0.865969;-0.859639;-0.320252;-0.180579;-0.395386;-1.158838;-1.710175;-0.466784
D31;0.595298;-0.859796;-0.870338;-0.318194;-0.185517;-0.392917;-1.159661;-1.744332;-0.473369
D57;0.611381;-0.859384;-0.877486;-0.317644;-0.180019;-0.410374;-1.197874;-1.750517;-0.468832
D42;0.616983;-0.864986;-0.871884;-0.314843;-0.166013;-0.396368;-1.570424;-1.789733;-0.452026
D78;0.558316;-0.916542;-0.874550;-0.354843;-0.205124;-0.414146;-1.592646;-1.918622;-0.481359
D30;0.559074;-0.906946;-0.882379;-0.349288;-0.204367;-0.412126;-1.589868;-1.958773;-0.480349
D80;0.568503;-0.937451;-0.901791;-0.345960;-0.204367;-0.418227;-1.572120;-1.945462;-0.479240
D74;0.532947;-0.981154;-0.887717;-0.384479;-0.287330;-0.433042;-1.721009;-1.858796;-0.508869
D35;0.537167;-0.988538;-0.904594;-0.395027;-0.291549;-0.448865;-2.216789;-2.001201;-0.510979
D90;0.549751;-1.047069;-0.848990;-0.455606;-0.357689;-0.411405;-2.157966;-2.086070;-0.477324
D29;0.576417;-1.092783;-0.776609;-0.497511;-0.323403;-0.459024;-2.157966;-2.009880;-0.431610
D53;0.600979;-1.094099;-0.801609;-0.482160;-0.320333;-0.459462;-2.143492;-1.933564;-0.425469
D23;0.627358;-1.091701;-0.806405;-0.479762;-0.305945;-0.452268;-2.141094;-1.866418;-0.418275
D14;0.647735;-1.074261;-0.811544;-0.463691;-0.295865;-0.458875;-2.126987;-1.832827;-0.416410
D91;0.689151;-1.038844;-0.777878;-0.431274;-0.281782;-0.468125;-2.112653;-1.790077;-0.409660
D48;0.678485;-1.065511;-0.811655;-0.428608;-0.286226;-0.494792;-2.104653;-1.857632;-0.459438
D32;0.679537;-1.072528;-0.843234;-0.430245;-0.285525;-0.517248;-2.104420;-1.917047;-0.456981
D20;0.712832;-1.099628;-0.788647;-0.478638;-0.322691;-0.434786;-2.107904;-1.854717;-0.426784
D41;0.744082;-1.073587;-0.773022;-0.457805;-0.317482;-0.429578;-2.076654;-1.885967;-0.411159
D37;0.744082;-1.073587;-0.773022;-0.457805;-0.317482;-0.429578;-2.552844;-1.974856;-0.411159
D86;0.749637;-1.070253;-0.774133;-0.457805;-0.318593;-0.428466;-2.550622;-1.991522;-0.407826
D94;0.771599;-1.067741;-0.785393;-0.448871;-0.311986;-0.435818;-2.541968;-1.921729;-0.400288
D49;0.771599;-1.111457;-0.818180;-0.465265;-0.317451;-0.441283;-2.520110;-1.949051;-0.422146
D66;0.791969;-1.102197;-0.827439;-0.457857;-0.304488;-0.439431;-2.503443;-1.965718;-0.414739
D36;0.790915;-1.104307;-0.829549;-0.459967;-0.306598;-0.443650;-2.977072;-1.989980;-0.415793
D102;0.787248;-1.132085;-0.872660;-0.464412;-0.324375;-0.464539;-2.992183;-1.965646;-0.423016
D93;0.817771;-1.160654;-0.954830;-0.472042;-0.312929;-0.484733;-2.998604;-1.957550;-0.412779
D17;0.844150;-1.146265;-0.950034;-0.464848;-0.300939;-0.477538;-2.984215;-1.955152;-0.415177
D34;0.824150;-1.168487;-0.956700;-0.469293;-0.298717;-0.490872;-2.986438;-2.275152;-0.421844
D79;0.824150;-1.168487;-0.965589;-0.484848;-0.300939;-0.495316;-2.984215;-2.272930;-0.444066
D27;0.827938;-1.217730;-0.973165;-0.439394;-0.304727;-0.529407;-3.101640;-2.189597;-0.459218
D82;0.824295;-1.223679;-0.980045;-0.443360;-0.310312;-0.539323;-3.108763;-2.194291;-0.458813
D95;0.861704;-1.219957;-0.999215;-0.432751;-0.296632;-0.551234;-3.094525;-2.137340;-0.453323
D10;0.900854;-1.199731;-1.044094;-0.409748;-0.265816;-0.552884;-3.060497;-2.121107;-0.440302
D70;0.901743;-1.211287;-1.071649;-0.410637;-0.275594;-0.563550;-3.066719;-2.151330;-0.466080
D96;0.921750;-1.207285;-1.083654;-0.408496;-0.269545;-0.576113;-3.051923;-2.114386;-0.468406
D44;0.921750;-1.207285;-1.083654;-0.408496;-0.269545;-0.576113;-3.051923;-2.123756;-0.468406
D43;0.902356;-1.288498;-1.200623;-0.549102;-0.276212;-0.605810;-3.207075;-2.111635;-0.490224
D12;0.914261;-1.300402;-1.153004;-0.608626;-0.288117;-0.629619;-3.195170;-2.147349;-0.454510
D38;0.895213;-1.319450;-1.153004;-0.608626;-0.294466;-0.610572;-3.204694;-2.045762;-0.454510
D40;0.911447;-1.342177;-1.207117;-0.614037;-0.292302;-0.602996;-3.225257;-1.964593;-0.458839
D2;0.971123;-1.442774;-1.196034;-0.706962;-0.289744;-0.637949;-3.215026;-2.025974;-0.558583
D9;1.015568;-1.531663;-1.212701;-0.790295;-0.311966;-0.621283;-3.287249;-1.909308;-0.536361
D46;1.049238;-1.533683;-1.259165;-0.807635;-0.302707;-0.630037;-3.265363;-1.788769;-0.551344
D24;1.031989;-1.531262;-1.267119;-0.815114;-0.304652;-0.653683;-3.285810;-1.743120;-0.548232
D33;1.060878;-1.533952;-1.247353;-0.838388;-0.285354;-0.588186;-3.297974;-1.801833;-0.521682
D51;1.076941;-1.712915;-1.321696;-0.937180;-0.287202;-0.606807;-3.307213;-1.899346;-0.666245
D99;1.129188;-1.760982;-1.373943;-0.965916;-0.266826;-0.621436;-3.314528;-1.984508;-0.744092
D28;1.152114;-1.820982;-1.366626;-0.969005;-0.261135;-0.650054;-3.301195;-1.925321;-0.758726
D97;1.153358;-1.819143;-1.366788;-0.968032;-0.261405;-0.652055;-3.301032;-2.023688;-0.759429
D54;1.157687;-1.810485;-1.364623;-0.961538;-0.257076;-0.656384;-3.298868;-2.049662;-0.757265
D4;1.188798;-1.817152;-1.353512;-1.001538;-0.263743;-0.618606;-3.338868;-2.002995;-0.748376
D76;1.190650;-1.815300;-1.375734;-0.995983;-0.256335;-0.609347;-3.329609;-2.123365;-0.740969
D3;1.190650;-1.853395;-1.450020;-1.037887;-0.271573;-0.649347;-3.358180;-2.243365;-0.750492
D87;1.200884;-1.885559;-1.439786;-1.043735;-0.278883;-0.680048;-3.388882;-2.303307;-0.753416
D21;1.197201;-1.929758;-1.485827;-1.069518;-0.286250;-0.707673;-3.766414;-2.294099;-0.759862
D81;1.193703;-1.947596;-1.495271;-1.086657;-0.294994;-0.727260;-3.782154;-2.466187;-0.758463
D58;1.211298;-2.068146;-1.529085;-1.126520;-0.290183;-0.747878;-3.849370;-2.669211;-0.758875
D19;1.213594;-2.063701;-1.532566;-1.126297;-0.289146;-0.750545;-3.849000;-2.750544;-0.758875
D15;1.213594;-2.054109;-1.530168;-1.128695;-0.296340;-0.762535;-3.844204;-2.779321;-0.763672
D18;1.223594;-2.097442;-1.540168;-1.108695;-0.309674;-0.772535;-3.844204;-2.859321;-0.790338
D11;1.248956;-2.216283;-1.641376;-1.248067;-0.289142;-0.801521;-3.925363;-3.002075;-0.835024
D45;1.248956;-2.216283;-1.641376;-1.248067;-0.289142;-0.801521;-3.925363;-3.011446;-0.835024
D71;1.268956;-2.349616;-1.581376;-1.328067;-0.362476;-0.881521;-4.085363;-3.158112;-0.755024
D7;1.318956;-2.332950;-1.581376;-1.394734;-0.295809;-0.831521;-3.952030;-3.241446;-0.738357
D8;1.310438;-2.331468;-1.576191;-1.405475;-0.308402;-0.839669;-3.956474;-3.339964;-0.747246
D85;1.325513;-2.408185;-1.576861;-1.499612;-0.324147;-0.831294;-4.017446;-3.563415;-0.769022
